intervention,n,Prolif,MHCI,HLA_E_surface,NKG2A_brake,NKG2D_L,DNAM_active,Tcell_kill,NK_kill,ImmuneKill,Senescent,Cleared,TargetState
none,0,1,0,0,0,0,0,0,0,0,0,0,0
EpiPrime,1,1,1,1,1,0,0,0,0,0,0,0,0
CDK46i,1,0,1,1,1,1,0,0,0,0,1,0,0
Diff,1,0,0,0,0,0,0,0,0,0,0,0,0
BETi,1,0,0,0,0,0,0,0,0,0,0,0,0
aPD1,1,1,0,0,0,0,0,0,0,0,0,0,0
aTIGIT,1,1,0,0,0,0,1,0,0,0,0,0,0
NKarm,1,1,0,0,0,0,0,0,0,0,0,0,0
aNKG2A,1,1,0,0,0,0,0,0,0,0,0,0,0
Tdeplete,1,1,0,0,0,0,0,0,0,0,0,0,0
EpiPrime+CDK46i,2,0,1,1,1,1,0,0,0,0,1,0,0
EpiPrime+Diff,2,0,1,1,1,0,0,0,0,0,0,0,0
EpiPrime+BETi,2,0,1,1,1,0,0,0,0,0,0,0,0
EpiPrime+aPD1,2,1,1,1,1,0,0,0,0,0,0,0,0
EpiPrime+aTIGIT,2,1,1,1,1,0,1,0,0,0,0,0,0
EpiPrime+NKarm,2,1,1,1,1,0,0,0,0,0,0,0,0
EpiPrime+aNKG2A,2,1,1,1,0,0,0,0,0,0,0,0,0
EpiPrime+Tdeplete,2,1,1,1,1,0,0,0,0,0,0,0,0
CDK46i+Diff,2,0,1,1,1,1,0,0,0,0,1,0,0
CDK46i+BETi,2,0,1,1,1,1,0,0,0,0,1,0,0
CDK46i+aPD1,2,0,1,1,1,1,0,0,0,0,1,0,0
CDK46i+aTIGIT,2,0,1,1,1,1,1,0,0,0,1,0,0
CDK46i+NKarm,2,0,1,1,1,1,0,0,0,0,1,0,0
CDK46i+aNKG2A,2,0,1,1,0,1,0,0,0,0,1,0,0
CDK46i+Tdeplete,2,0,1,1,1,1,0,0,0,0,1,0,0
Diff+BETi,2,0,0,0,0,0,0,0,0,0,0,0,0
Diff+aPD1,2,0,0,0,0,0,0,0,0,0,0,0,0
Diff+aTIGIT,2,0,0,0,0,0,1,0,0,0,0,0,0
Diff+NKarm,2,0,0,0,0,0,0,0,0,0,0,0,0
Diff+aNKG2A,2,0,0,0,0,0,0,0,0,0,0,0,0
Diff+Tdeplete,2,0,0,0,0,0,0,0,0,0,0,0,0
BETi+aPD1,2,0,0,0,0,0,0,0,0,0,0,0,0
BETi+aTIGIT,2,0,0,0,0,0,1,0,0,0,0,0,0
BETi+NKarm,2,0,0,0,0,0,0,0,0,0,0,0,0
BETi+aNKG2A,2,0,0,0,0,0,0,0,0,0,0,0,0
BETi+Tdeplete,2,0,0,0,0,0,0,0,0,0,0,0,0
aPD1+aTIGIT,2,1,0,0,0,0,1,0,0,0,0,0,0
aPD1+NKarm,2,1,0,0,0,0,0,0,0,0,0,0,0
aPD1+aNKG2A,2,1,0,0,0,0,0,0,0,0,0,0,0
aPD1+Tdeplete,2,1,0,0,0,0,0,0,0,0,0,0,0
aTIGIT+NKarm,2,1,0,0,0,0,1,0,0,0,0,0,0
aTIGIT+aNKG2A,2,1,0,0,0,0,1,0,0,0,0,0,0
aTIGIT+Tdeplete,2,1,0,0,0,0,1,0,1,1,0,1,0
NKarm+aNKG2A,2,1,0,0,0,0,0,0,0,0,0,0,0
NKarm+Tdeplete,2,1,0,0,0,0,0,0,0,0,0,0,0
aNKG2A+Tdeplete,2,1,0,0,0,0,0,0,0,0,0,0,0
EpiPrime+CDK46i+Diff,3,0,1,1,1,1,0,0,0,0,1,0,0
EpiPrime+CDK46i+BETi,3,0,1,1,1,1,0,0,0,0,1,0,0
EpiPrime+CDK46i+aPD1,3,0,1,1,1,1,0,0,0,0,1,0,0
EpiPrime+CDK46i+aTIGIT,3,0,1,1,1,1,1,0,0,0,1,0,0
EpiPrime+CDK46i+NKarm,3,0,1,1,1,1,0,0,0,0,1,0,0
EpiPrime+CDK46i+aNKG2A,3,0,1,1,0,1,0,0,0,0,1,0,0
EpiPrime+CDK46i+Tdeplete,3,0,1,1,1,1,0,0,0,0,1,0,0
EpiPrime+Diff+BETi,3,0,1,1,1,0,0,0,0,0,0,0,0
EpiPrime+Diff+aPD1,3,0,1,1,1,0,0,0,0,0,0,0,0
EpiPrime+Diff+aTIGIT,3,0,1,1,1,0,1,0,0,0,0,0,0
EpiPrime+Diff+NKarm,3,0,1,1,1,0,0,0,0,0,0,0,0
EpiPrime+Diff+aNKG2A,3,0,1,1,0,0,0,0,0,0,0,0,0
EpiPrime+Diff+Tdeplete,3,0,1,1,1,0,0,0,0,0,0,0,0
EpiPrime+BETi+aPD1,3,0,1,1,1,0,0,0,0,0,0,0,0
EpiPrime+BETi+aTIGIT,3,0,1,1,1,0,1,0,0,0,0,0,0
EpiPrime+BETi+NKarm,3,0,1,1,1,0,0,0,0,0,0,0,0
EpiPrime+BETi+aNKG2A,3,0,1,1,0,0,0,0,0,0,0,0,0
EpiPrime+BETi+Tdeplete,3,0,1,1,1,0,0,0,0,0,0,0,0
EpiPrime+aPD1+aTIGIT,3,1,1,1,1,0,1,0,0,0,0,0,0
EpiPrime+aPD1+NKarm,3,1,1,1,1,0,0,0,0,0,0,0,0
EpiPrime+aPD1+aNKG2A,3,1,1,1,0,0,0,0,0,0,0,0,0
EpiPrime+aPD1+Tdeplete,3,1,1,1,1,0,0,0,0,0,0,0,0
EpiPrime+aTIGIT+NKarm,3,1,1,1,1,0,1,0,0,0,0,0,0
EpiPrime+aTIGIT+aNKG2A,3,1,1,1,0,0,1,0,0,0,0,0,0
EpiPrime+aTIGIT+Tdeplete,3,1,1,1,1,0,1,0,0,0,0,0,0
EpiPrime+NKarm+aNKG2A,3,1,1,1,0,0,0,0,0,0,0,0,0
EpiPrime+NKarm+Tdeplete,3,1,1,1,1,0,0,0,0,0,0,0,0
EpiPrime+aNKG2A+Tdeplete,3,1,1,1,0,0,0,0,0,0,0,0,0
CDK46i+Diff+BETi,3,0,1,1,1,1,0,0,0,0,1,0,0
CDK46i+Diff+aPD1,3,0,1,1,1,1,0,0,0,0,1,0,0
CDK46i+Diff+aTIGIT,3,0,1,1,1,1,1,0,0,0,1,0,0
CDK46i+Diff+NKarm,3,0,1,1,1,1,0,0,0,0,1,0,0
CDK46i+Diff+aNKG2A,3,0,1,1,0,1,0,0,0,0,1,0,0
CDK46i+Diff+Tdeplete,3,0,1,1,1,1,0,0,0,0,1,0,0
CDK46i+BETi+aPD1,3,0,1,1,1,1,0,0,0,0,1,0,0
CDK46i+BETi+aTIGIT,3,0,1,1,1,1,1,0,0,0,1,0,0
CDK46i+BETi+NKarm,3,0,1,1,1,1,0,0,0,0,1,0,0
CDK46i+BETi+aNKG2A,3,0,1,1,0,1,0,0,0,0,1,0,0
CDK46i+BETi+Tdeplete,3,0,1,1,1,1,0,0,0,0,1,0,0
CDK46i+aPD1+aTIGIT,3,0,1,1,1,1,1,0,0,0,1,0,0
CDK46i+aPD1+NKarm,3,0,1,1,1,1,0,0,0,0,1,0,0
CDK46i+aPD1+aNKG2A,3,0,1,1,0,1,0,0,0,0,1,0,0
CDK46i+aPD1+Tdeplete,3,0,1,1,1,1,0,0,0,0,1,0,0
CDK46i+aTIGIT+NKarm,3,0,1,1,1,1,1,0,0,0,1,0,0
CDK46i+aTIGIT+aNKG2A,3,0,1,1,0,1,1,0,1,1,1,1,1
CDK46i+aTIGIT+Tdeplete,3,0,1,1,1,1,1,0,0,0,1,0,0
CDK46i+NKarm+aNKG2A,3,0,1,1,0,1,0,0,0,0,1,0,0
CDK46i+NKarm+Tdeplete,3,0,1,1,1,1,0,0,0,0,1,0,0
CDK46i+aNKG2A+Tdeplete,3,0,1,1,0,1,0,0,0,0,1,0,0
Diff+BETi+aPD1,3,0,0,0,0,0,0,0,0,0,0,0,0
Diff+BETi+aTIGIT,3,0,0,0,0,0,1,0,0,0,0,0,0
Diff+BETi+NKarm,3,0,0,0,0,0,0,0,0,0,0,0,0
Diff+BETi+aNKG2A,3,0,0,0,0,0,0,0,0,0,0,0,0
Diff+BETi+Tdeplete,3,0,0,0,0,0,0,0,0,0,0,0,0
Diff+aPD1+aTIGIT,3,0,0,0,0,0,1,0,0,0,0,0,0
Diff+aPD1+NKarm,3,0,0,0,0,0,0,0,0,0,0,0,0
Diff+aPD1+aNKG2A,3,0,0,0,0,0,0,0,0,0,0,0,0
Diff+aPD1+Tdeplete,3,0,0,0,0,0,0,0,0,0,0,0,0
Diff+aTIGIT+NKarm,3,0,0,0,0,0,1,0,0,0,0,0,0
Diff+aTIGIT+aNKG2A,3,0,0,0,0,0,1,0,0,0,0,0,0
Diff+aTIGIT+Tdeplete,3,0,0,0,0,0,1,0,1,1,0,1,1
Diff+NKarm+aNKG2A,3,0,0,0,0,0,0,0,0,0,0,0,0
Diff+NKarm+Tdeplete,3,0,0,0,0,0,0,0,0,0,0,0,0
Diff+aNKG2A+Tdeplete,3,0,0,0,0,0,0,0,0,0,0,0,0
BETi+aPD1+aTIGIT,3,0,0,0,0,0,1,0,0,0,0,0,0
BETi+aPD1+NKarm,3,0,0,0,0,0,0,0,0,0,0,0,0
BETi+aPD1+aNKG2A,3,0,0,0,0,0,0,0,0,0,0,0,0
BETi+aPD1+Tdeplete,3,0,0,0,0,0,0,0,0,0,0,0,0
BETi+aTIGIT+NKarm,3,0,0,0,0,0,1,0,0,0,0,0,0
BETi+aTIGIT+aNKG2A,3,0,0,0,0,0,1,0,0,0,0,0,0
BETi+aTIGIT+Tdeplete,3,0,0,0,0,0,1,0,1,1,0,1,1
BETi+NKarm+aNKG2A,3,0,0,0,0,0,0,0,0,0,0,0,0
BETi+NKarm+Tdeplete,3,0,0,0,0,0,0,0,0,0,0,0,0
BETi+aNKG2A+Tdeplete,3,0,0,0,0,0,0,0,0,0,0,0,0
aPD1+aTIGIT+NKarm,3,1,0,0,0,0,1,0,0,0,0,0,0
aPD1+aTIGIT+aNKG2A,3,1,0,0,0,0,1,0,0,0,0,0,0
aPD1+aTIGIT+Tdeplete,3,1,0,0,0,0,1,0,1,1,0,1,0
aPD1+NKarm+aNKG2A,3,1,0,0,0,0,0,0,0,0,0,0,0
aPD1+NKarm+Tdeplete,3,1,0,0,0,0,0,0,0,0,0,0,0
aPD1+aNKG2A+Tdeplete,3,1,0,0,0,0,0,0,0,0,0,0,0
aTIGIT+NKarm+aNKG2A,3,1,0,0,0,0,1,0,0,0,0,0,0
aTIGIT+NKarm+Tdeplete,3,1,0,0,0,0,1,0,1,1,0,1,0
aTIGIT+aNKG2A+Tdeplete,3,1,0,0,0,0,1,0,1,1,0,1,0
NKarm+aNKG2A+Tdeplete,3,1,0,0,0,0,0,0,0,0,0,0,0
EpiPrime+CDK46i+Diff+BETi,4,0,1,1,1,1,0,0,0,0,1,0,0
EpiPrime+CDK46i+Diff+aPD1,4,0,1,1,1,1,0,0,0,0,1,0,0
EpiPrime+CDK46i+Diff+aTIGIT,4,0,1,1,1,1,1,0,0,0,1,0,0
EpiPrime+CDK46i+Diff+NKarm,4,0,1,1,1,1,0,0,0,0,1,0,0
EpiPrime+CDK46i+Diff+aNKG2A,4,0,1,1,0,1,0,0,0,0,1,0,0
EpiPrime+CDK46i+Diff+Tdeplete,4,0,1,1,1,1,0,0,0,0,1,0,0
EpiPrime+CDK46i+BETi+aPD1,4,0,1,1,1,1,0,0,0,0,1,0,0
EpiPrime+CDK46i+BETi+aTIGIT,4,0,1,1,1,1,1,0,0,0,1,0,0
EpiPrime+CDK46i+BETi+NKarm,4,0,1,1,1,1,0,0,0,0,1,0,0
EpiPrime+CDK46i+BETi+aNKG2A,4,0,1,1,0,1,0,0,0,0,1,0,0
EpiPrime+CDK46i+BETi+Tdeplete,4,0,1,1,1,1,0,0,0,0,1,0,0
EpiPrime+CDK46i+aPD1+aTIGIT,4,0,1,1,1,1,1,0,0,0,1,0,0
EpiPrime+CDK46i+aPD1+NKarm,4,0,1,1,1,1,0,0,0,0,1,0,0
EpiPrime+CDK46i+aPD1+aNKG2A,4,0,1,1,0,1,0,0,0,0,1,0,0
EpiPrime+CDK46i+aPD1+Tdeplete,4,0,1,1,1,1,0,0,0,0,1,0,0
EpiPrime+CDK46i+aTIGIT+NKarm,4,0,1,1,1,1,1,0,0,0,1,0,0
EpiPrime+CDK46i+aTIGIT+aNKG2A,4,0,1,1,0,1,1,0,1,1,1,1,1
EpiPrime+CDK46i+aTIGIT+Tdeplete,4,0,1,1,1,1,1,0,0,0,1,0,0
EpiPrime+CDK46i+NKarm+aNKG2A,4,0,1,1,0,1,0,0,0,0,1,0,0
EpiPrime+CDK46i+NKarm+Tdeplete,4,0,1,1,1,1,0,0,0,0,1,0,0
EpiPrime+CDK46i+aNKG2A+Tdeplete,4,0,1,1,0,1,0,0,0,0,1,0,0
EpiPrime+Diff+BETi+aPD1,4,0,1,1,1,0,0,0,0,0,0,0,0
EpiPrime+Diff+BETi+aTIGIT,4,0,1,1,1,0,1,0,0,0,0,0,0
EpiPrime+Diff+BETi+NKarm,4,0,1,1,1,0,0,0,0,0,0,0,0
EpiPrime+Diff+BETi+aNKG2A,4,0,1,1,0,0,0,0,0,0,0,0,0
EpiPrime+Diff+BETi+Tdeplete,4,0,1,1,1,0,0,0,0,0,0,0,0
EpiPrime+Diff+aPD1+aTIGIT,4,0,1,1,1,0,1,0,0,0,0,0,0
EpiPrime+Diff+aPD1+NKarm,4,0,1,1,1,0,0,0,0,0,0,0,0
EpiPrime+Diff+aPD1+aNKG2A,4,0,1,1,0,0,0,0,0,0,0,0,0
EpiPrime+Diff+aPD1+Tdeplete,4,0,1,1,1,0,0,0,0,0,0,0,0
EpiPrime+Diff+aTIGIT+NKarm,4,0,1,1,1,0,1,0,0,0,0,0,0
EpiPrime+Diff+aTIGIT+aNKG2A,4,0,1,1,0,0,1,0,0,0,0,0,0
EpiPrime+Diff+aTIGIT+Tdeplete,4,0,1,1,1,0,1,0,0,0,0,0,0
EpiPrime+Diff+NKarm+aNKG2A,4,0,1,1,0,0,0,0,0,0,0,0,0
EpiPrime+Diff+NKarm+Tdeplete,4,0,1,1,1,0,0,0,0,0,0,0,0
EpiPrime+Diff+aNKG2A+Tdeplete,4,0,1,1,0,0,0,0,0,0,0,0,0
EpiPrime+BETi+aPD1+aTIGIT,4,0,1,1,1,0,1,0,0,0,0,0,0
EpiPrime+BETi+aPD1+NKarm,4,0,1,1,1,0,0,0,0,0,0,0,0
EpiPrime+BETi+aPD1+aNKG2A,4,0,1,1,0,0,0,0,0,0,0,0,0
EpiPrime+BETi+aPD1+Tdeplete,4,0,1,1,1,0,0,0,0,0,0,0,0
EpiPrime+BETi+aTIGIT+NKarm,4,0,1,1,1,0,1,0,0,0,0,0,0
EpiPrime+BETi+aTIGIT+aNKG2A,4,0,1,1,0,0,1,0,0,0,0,0,0
EpiPrime+BETi+aTIGIT+Tdeplete,4,0,1,1,1,0,1,0,0,0,0,0,0
EpiPrime+BETi+NKarm+aNKG2A,4,0,1,1,0,0,0,0,0,0,0,0,0
EpiPrime+BETi+NKarm+Tdeplete,4,0,1,1,1,0,0,0,0,0,0,0,0
EpiPrime+BETi+aNKG2A+Tdeplete,4,0,1,1,0,0,0,0,0,0,0,0,0
EpiPrime+aPD1+aTIGIT+NKarm,4,1,1,1,1,0,1,0,0,0,0,0,0
EpiPrime+aPD1+aTIGIT+aNKG2A,4,1,1,1,0,0,1,0,0,0,0,0,0
EpiPrime+aPD1+aTIGIT+Tdeplete,4,1,1,1,1,0,1,0,0,0,0,0,0
EpiPrime+aPD1+NKarm+aNKG2A,4,1,1,1,0,0,0,0,0,0,0,0,0
EpiPrime+aPD1+NKarm+Tdeplete,4,1,1,1,1,0,0,0,0,0,0,0,0
EpiPrime+aPD1+aNKG2A+Tdeplete,4,1,1,1,0,0,0,0,0,0,0,0,0
EpiPrime+aTIGIT+NKarm+aNKG2A,4,1,1,1,0,0,1,0,0,0,0,0,0
EpiPrime+aTIGIT+NKarm+Tdeplete,4,1,1,1,1,0,1,0,0,0,0,0,0
EpiPrime+aTIGIT+aNKG2A+Tdeplete,4,1,1,1,0,0,1,1,0,1,0,1,0
EpiPrime+NKarm+aNKG2A+Tdeplete,4,1,1,1,0,0,0,0,0,0,0,0,0
CDK46i+Diff+BETi+aPD1,4,0,1,1,1,1,0,0,0,0,1,0,0
CDK46i+Diff+BETi+aTIGIT,4,0,1,1,1,1,1,0,0,0,1,0,0
CDK46i+Diff+BETi+NKarm,4,0,1,1,1,1,0,0,0,0,1,0,0
CDK46i+Diff+BETi+aNKG2A,4,0,1,1,0,1,0,0,0,0,1,0,0
CDK46i+Diff+BETi+Tdeplete,4,0,1,1,1,1,0,0,0,0,1,0,0
CDK46i+Diff+aPD1+aTIGIT,4,0,1,1,1,1,1,0,0,0,1,0,0
CDK46i+Diff+aPD1+NKarm,4,0,1,1,1,1,0,0,0,0,1,0,0
CDK46i+Diff+aPD1+aNKG2A,4,0,1,1,0,1,0,0,0,0,1,0,0
CDK46i+Diff+aPD1+Tdeplete,4,0,1,1,1,1,0,0,0,0,1,0,0
CDK46i+Diff+aTIGIT+NKarm,4,0,1,1,1,1,1,0,0,0,1,0,0
CDK46i+Diff+aTIGIT+aNKG2A,4,0,1,1,0,1,1,0,1,1,1,1,1
CDK46i+Diff+aTIGIT+Tdeplete,4,0,1,1,1,1,1,0,0,0,1,0,0
CDK46i+Diff+NKarm+aNKG2A,4,0,1,1,0,1,0,0,0,0,1,0,0
CDK46i+Diff+NKarm+Tdeplete,4,0,1,1,1,1,0,0,0,0,1,0,0
CDK46i+Diff+aNKG2A+Tdeplete,4,0,1,1,0,1,0,0,0,0,1,0,0
CDK46i+BETi+aPD1+aTIGIT,4,0,1,1,1,1,1,0,0,0,1,0,0
CDK46i+BETi+aPD1+NKarm,4,0,1,1,1,1,0,0,0,0,1,0,0
CDK46i+BETi+aPD1+aNKG2A,4,0,1,1,0,1,0,0,0,0,1,0,0
CDK46i+BETi+aPD1+Tdeplete,4,0,1,1,1,1,0,0,0,0,1,0,0
CDK46i+BETi+aTIGIT+NKarm,4,0,1,1,1,1,1,0,0,0,1,0,0
CDK46i+BETi+aTIGIT+aNKG2A,4,0,1,1,0,1,1,0,1,1,1,1,1
CDK46i+BETi+aTIGIT+Tdeplete,4,0,1,1,1,1,1,0,0,0,1,0,0
CDK46i+BETi+NKarm+aNKG2A,4,0,1,1,0,1,0,0,0,0,1,0,0
CDK46i+BETi+NKarm+Tdeplete,4,0,1,1,1,1,0,0,0,0,1,0,0
CDK46i+BETi+aNKG2A+Tdeplete,4,0,1,1,0,1,0,0,0,0,1,0,0
CDK46i+aPD1+aTIGIT+NKarm,4,0,1,1,1,1,1,0,0,0,1,0,0
CDK46i+aPD1+aTIGIT+aNKG2A,4,0,1,1,0,1,1,1,1,1,1,1,1
CDK46i+aPD1+aTIGIT+Tdeplete,4,0,1,1,1,1,1,0,0,0,1,0,0
CDK46i+aPD1+NKarm+aNKG2A,4,0,1,1,0,1,0,0,0,0,1,0,0
CDK46i+aPD1+NKarm+Tdeplete,4,0,1,1,1,1,0,0,0,0,1,0,0
CDK46i+aPD1+aNKG2A+Tdeplete,4,0,1,1,0,1,0,0,0,0,1,0,0
CDK46i+aTIGIT+NKarm+aNKG2A,4,0,1,1,0,1,1,0,1,1,1,1,1
CDK46i+aTIGIT+NKarm+Tdeplete,4,0,1,1,1,1,1,0,0,0,1,0,0
CDK46i+aTIGIT+aNKG2A+Tdeplete,4,0,1,1,0,1,1,0,1,1,1,1,1
CDK46i+NKarm+aNKG2A+Tdeplete,4,0,1,1,0,1,0,0,0,0,1,0,0
Diff+BETi+aPD1+aTIGIT,4,0,0,0,0,0,1,0,0,0,0,0,0
Diff+BETi+aPD1+NKarm,4,0,0,0,0,0,0,0,0,0,0,0,0
Diff+BETi+aPD1+aNKG2A,4,0,0,0,0,0,0,0,0,0,0,0,0
Diff+BETi+aPD1+Tdeplete,4,0,0,0,0,0,0,0,0,0,0,0,0
Diff+BETi+aTIGIT+NKarm,4,0,0,0,0,0,1,0,0,0,0,0,0
Diff+BETi+aTIGIT+aNKG2A,4,0,0,0,0,0,1,0,0,0,0,0,0
Diff+BETi+aTIGIT+Tdeplete,4,0,0,0,0,0,1,0,1,1,0,1,1
Diff+BETi+NKarm+aNKG2A,4,0,0,0,0,0,0,0,0,0,0,0,0
Diff+BETi+NKarm+Tdeplete,4,0,0,0,0,0,0,0,0,0,0,0,0
Diff+BETi+aNKG2A+Tdeplete,4,0,0,0,0,0,0,0,0,0,0,0,0
Diff+aPD1+aTIGIT+NKarm,4,0,0,0,0,0,1,0,0,0,0,0,0
Diff+aPD1+aTIGIT+aNKG2A,4,0,0,0,0,0,1,0,0,0,0,0,0
Diff+aPD1+aTIGIT+Tdeplete,4,0,0,0,0,0,1,0,1,1,0,1,1
Diff+aPD1+NKarm+aNKG2A,4,0,0,0,0,0,0,0,0,0,0,0,0
Diff+aPD1+NKarm+Tdeplete,4,0,0,0,0,0,0,0,0,0,0,0,0
Diff+aPD1+aNKG2A+Tdeplete,4,0,0,0,0,0,0,0,0,0,0,0,0
Diff+aTIGIT+NKarm+aNKG2A,4,0,0,0,0,0,1,0,0,0,0,0,0
Diff+aTIGIT+NKarm+Tdeplete,4,0,0,0,0,0,1,0,1,1,0,1,1
Diff+aTIGIT+aNKG2A+Tdeplete,4,0,0,0,0,0,1,0,1,1,0,1,1
Diff+NKarm+aNKG2A+Tdeplete,4,0,0,0,0,0,0,0,0,0,0,0,0
BETi+aPD1+aTIGIT+NKarm,4,0,0,0,0,0,1,0,0,0,0,0,0
BETi+aPD1+aTIGIT+aNKG2A,4,0,0,0,0,0,1,0,0,0,0,0,0
BETi+aPD1+aTIGIT+Tdeplete,4,0,0,0,0,0,1,0,1,1,0,1,1
BETi+aPD1+NKarm+aNKG2A,4,0,0,0,0,0,0,0,0,0,0,0,0
BETi+aPD1+NKarm+Tdeplete,4,0,0,0,0,0,0,0,0,0,0,0,0
BETi+aPD1+aNKG2A+Tdeplete,4,0,0,0,0,0,0,0,0,0,0,0,0
BETi+aTIGIT+NKarm+aNKG2A,4,0,0,0,0,0,1,0,0,0,0,0,0
BETi+aTIGIT+NKarm+Tdeplete,4,0,0,0,0,0,1,0,1,1,0,1,1
BETi+aTIGIT+aNKG2A+Tdeplete,4,0,0,0,0,0,1,0,1,1,0,1,1
BETi+NKarm+aNKG2A+Tdeplete,4,0,0,0,0,0,0,0,0,0,0,0,0
aPD1+aTIGIT+NKarm+aNKG2A,4,1,0,0,0,0,1,0,0,0,0,0,0
aPD1+aTIGIT+NKarm+Tdeplete,4,1,0,0,0,0,1,0,1,1,0,1,0
aPD1+aTIGIT+aNKG2A+Tdeplete,4,1,0,0,0,0,1,0,1,1,0,1,0
aPD1+NKarm+aNKG2A+Tdeplete,4,1,0,0,0,0,0,0,0,0,0,0,0
aTIGIT+NKarm+aNKG2A+Tdeplete,4,1,0,0,0,0,1,0,1,1,0,1,0
EpiPrime+CDK46i+Diff+BETi+aPD1,5,0,1,1,1,1,0,0,0,0,1,0,0
EpiPrime+CDK46i+Diff+BETi+aTIGIT,5,0,1,1,1,1,1,0,0,0,1,0,0
EpiPrime+CDK46i+Diff+BETi+NKarm,5,0,1,1,1,1,0,0,0,0,1,0,0
EpiPrime+CDK46i+Diff+BETi+aNKG2A,5,0,1,1,0,1,0,0,0,0,1,0,0
EpiPrime+CDK46i+Diff+BETi+Tdeplete,5,0,1,1,1,1,0,0,0,0,1,0,0
EpiPrime+CDK46i+Diff+aPD1+aTIGIT,5,0,1,1,1,1,1,0,0,0,1,0,0
EpiPrime+CDK46i+Diff+aPD1+NKarm,5,0,1,1,1,1,0,0,0,0,1,0,0
EpiPrime+CDK46i+Diff+aPD1+aNKG2A,5,0,1,1,0,1,0,0,0,0,1,0,0
EpiPrime+CDK46i+Diff+aPD1+Tdeplete,5,0,1,1,1,1,0,0,0,0,1,0,0
EpiPrime+CDK46i+Diff+aTIGIT+NKarm,5,0,1,1,1,1,1,0,0,0,1,0,0
EpiPrime+CDK46i+Diff+aTIGIT+aNKG2A,5,0,1,1,0,1,1,0,1,1,1,1,1
EpiPrime+CDK46i+Diff+aTIGIT+Tdeplete,5,0,1,1,1,1,1,0,0,0,1,0,0
EpiPrime+CDK46i+Diff+NKarm+aNKG2A,5,0,1,1,0,1,0,0,0,0,1,0,0
EpiPrime+CDK46i+Diff+NKarm+Tdeplete,5,0,1,1,1,1,0,0,0,0,1,0,0
EpiPrime+CDK46i+Diff+aNKG2A+Tdeplete,5,0,1,1,0,1,0,0,0,0,1,0,0
EpiPrime+CDK46i+BETi+aPD1+aTIGIT,5,0,1,1,1,1,1,0,0,0,1,0,0
EpiPrime+CDK46i+BETi+aPD1+NKarm,5,0,1,1,1,1,0,0,0,0,1,0,0
EpiPrime+CDK46i+BETi+aPD1+aNKG2A,5,0,1,1,0,1,0,0,0,0,1,0,0
EpiPrime+CDK46i+BETi+aPD1+Tdeplete,5,0,1,1,1,1,0,0,0,0,1,0,0
EpiPrime+CDK46i+BETi+aTIGIT+NKarm,5,0,1,1,1,1,1,0,0,0,1,0,0
EpiPrime+CDK46i+BETi+aTIGIT+aNKG2A,5,0,1,1,0,1,1,0,1,1,1,1,1
EpiPrime+CDK46i+BETi+aTIGIT+Tdeplete,5,0,1,1,1,1,1,0,0,0,1,0,0
EpiPrime+CDK46i+BETi+NKarm+aNKG2A,5,0,1,1,0,1,0,0,0,0,1,0,0
EpiPrime+CDK46i+BETi+NKarm+Tdeplete,5,0,1,1,1,1,0,0,0,0,1,0,0
EpiPrime+CDK46i+BETi+aNKG2A+Tdeplete,5,0,1,1,0,1,0,0,0,0,1,0,0
EpiPrime+CDK46i+aPD1+aTIGIT+NKarm,5,0,1,1,1,1,1,0,0,0,1,0,0
EpiPrime+CDK46i+aPD1+aTIGIT+aNKG2A,5,0,1,1,0,1,1,1,1,1,1,1,1
EpiPrime+CDK46i+aPD1+aTIGIT+Tdeplete,5,0,1,1,1,1,1,0,0,0,1,0,0
EpiPrime+CDK46i+aPD1+NKarm+aNKG2A,5,0,1,1,0,1,0,0,0,0,1,0,0
EpiPrime+CDK46i+aPD1+NKarm+Tdeplete,5,0,1,1,1,1,0,0,0,0,1,0,0
EpiPrime+CDK46i+aPD1+aNKG2A+Tdeplete,5,0,1,1,0,1,0,0,0,0,1,0,0
EpiPrime+CDK46i+aTIGIT+NKarm+aNKG2A,5,0,1,1,0,1,1,0,1,1,1,1,1
EpiPrime+CDK46i+aTIGIT+NKarm+Tdeplete,5,0,1,1,1,1,1,0,0,0,1,0,0
EpiPrime+CDK46i+aTIGIT+aNKG2A+Tdeplete,5,0,1,1,0,1,1,0,1,1,1,1,1
EpiPrime+CDK46i+NKarm+aNKG2A+Tdeplete,5,0,1,1,0,1,0,0,0,0,1,0,0
EpiPrime+Diff+BETi+aPD1+aTIGIT,5,0,1,1,1,0,1,0,0,0,0,0,0
EpiPrime+Diff+BETi+aPD1+NKarm,5,0,1,1,1,0,0,0,0,0,0,0,0
EpiPrime+Diff+BETi+aPD1+aNKG2A,5,0,1,1,0,0,0,0,0,0,0,0,0
EpiPrime+Diff+BETi+aPD1+Tdeplete,5,0,1,1,1,0,0,0,0,0,0,0,0
EpiPrime+Diff+BETi+aTIGIT+NKarm,5,0,1,1,1,0,1,0,0,0,0,0,0
EpiPrime+Diff+BETi+aTIGIT+aNKG2A,5,0,1,1,0,0,1,0,0,0,0,0,0
EpiPrime+Diff+BETi+aTIGIT+Tdeplete,5,0,1,1,1,0,1,0,0,0,0,0,0
EpiPrime+Diff+BETi+NKarm+aNKG2A,5,0,1,1,0,0,0,0,0,0,0,0,0
EpiPrime+Diff+BETi+NKarm+Tdeplete,5,0,1,1,1,0,0,0,0,0,0,0,0
EpiPrime+Diff+BETi+aNKG2A+Tdeplete,5,0,1,1,0,0,0,0,0,0,0,0,0
EpiPrime+Diff+aPD1+aTIGIT+NKarm,5,0,1,1,1,0,1,0,0,0,0,0,0
EpiPrime+Diff+aPD1+aTIGIT+aNKG2A,5,0,1,1,0,0,1,0,0,0,0,0,0
EpiPrime+Diff+aPD1+aTIGIT+Tdeplete,5,0,1,1,1,0,1,0,0,0,0,0,0
EpiPrime+Diff+aPD1+NKarm+aNKG2A,5,0,1,1,0,0,0,0,0,0,0,0,0
EpiPrime+Diff+aPD1+NKarm+Tdeplete,5,0,1,1,1,0,0,0,0,0,0,0,0
EpiPrime+Diff+aPD1+aNKG2A+Tdeplete,5,0,1,1,0,0,0,0,0,0,0,0,0
EpiPrime+Diff+aTIGIT+NKarm+aNKG2A,5,0,1,1,0,0,1,0,0,0,0,0,0
EpiPrime+Diff+aTIGIT+NKarm+Tdeplete,5,0,1,1,1,0,1,0,0,0,0,0,0
EpiPrime+Diff+aTIGIT+aNKG2A+Tdeplete,5,0,1,1,0,0,1,1,0,1,0,1,1
EpiPrime+Diff+NKarm+aNKG2A+Tdeplete,5,0,1,1,0,0,0,0,0,0,0,0,0
EpiPrime+BETi+aPD1+aTIGIT+NKarm,5,0,1,1,1,0,1,0,0,0,0,0,0
EpiPrime+BETi+aPD1+aTIGIT+aNKG2A,5,0,1,1,0,0,1,0,0,0,0,0,0
EpiPrime+BETi+aPD1+aTIGIT+Tdeplete,5,0,1,1,1,0,1,0,0,0,0,0,0
EpiPrime+BETi+aPD1+NKarm+aNKG2A,5,0,1,1,0,0,0,0,0,0,0,0,0
EpiPrime+BETi+aPD1+NKarm+Tdeplete,5,0,1,1,1,0,0,0,0,0,0,0,0
EpiPrime+BETi+aPD1+aNKG2A+Tdeplete,5,0,1,1,0,0,0,0,0,0,0,0,0
EpiPrime+BETi+aTIGIT+NKarm+aNKG2A,5,0,1,1,0,0,1,0,0,0,0,0,0
EpiPrime+BETi+aTIGIT+NKarm+Tdeplete,5,0,1,1,1,0,1,0,0,0,0,0,0
EpiPrime+BETi+aTIGIT+aNKG2A+Tdeplete,5,0,1,1,0,0,1,1,0,1,0,1,1
EpiPrime+BETi+NKarm+aNKG2A+Tdeplete,5,0,1,1,0,0,0,0,0,0,0,0,0
EpiPrime+aPD1+aTIGIT+NKarm+aNKG2A,5,1,1,1,0,0,1,0,0,0,0,0,0
EpiPrime+aPD1+aTIGIT+NKarm+Tdeplete,5,1,1,1,1,0,1,0,0,0,0,0,0
EpiPrime+aPD1+aTIGIT+aNKG2A+Tdeplete,5,1,1,1,0,0,1,1,0,1,0,1,0
EpiPrime+aPD1+NKarm+aNKG2A+Tdeplete,5,1,1,1,0,0,0,0,0,0,0,0,0
EpiPrime+aTIGIT+NKarm+aNKG2A+Tdeplete,5,1,1,1,0,0,1,1,0,1,0,1,0
CDK46i+Diff+BETi+aPD1+aTIGIT,5,0,1,1,1,1,1,0,0,0,1,0,0
CDK46i+Diff+BETi+aPD1+NKarm,5,0,1,1,1,1,0,0,0,0,1,0,0
CDK46i+Diff+BETi+aPD1+aNKG2A,5,0,1,1,0,1,0,0,0,0,1,0,0
CDK46i+Diff+BETi+aPD1+Tdeplete,5,0,1,1,1,1,0,0,0,0,1,0,0
CDK46i+Diff+BETi+aTIGIT+NKarm,5,0,1,1,1,1,1,0,0,0,1,0,0
CDK46i+Diff+BETi+aTIGIT+aNKG2A,5,0,1,1,0,1,1,0,1,1,1,1,1
CDK46i+Diff+BETi+aTIGIT+Tdeplete,5,0,1,1,1,1,1,0,0,0,1,0,0
CDK46i+Diff+BETi+NKarm+aNKG2A,5,0,1,1,0,1,0,0,0,0,1,0,0
CDK46i+Diff+BETi+NKarm+Tdeplete,5,0,1,1,1,1,0,0,0,0,1,0,0
CDK46i+Diff+BETi+aNKG2A+Tdeplete,5,0,1,1,0,1,0,0,0,0,1,0,0
CDK46i+Diff+aPD1+aTIGIT+NKarm,5,0,1,1,1,1,1,0,0,0,1,0,0
CDK46i+Diff+aPD1+aTIGIT+aNKG2A,5,0,1,1,0,1,1,1,1,1,1,1,1
CDK46i+Diff+aPD1+aTIGIT+Tdeplete,5,0,1,1,1,1,1,0,0,0,1,0,0
CDK46i+Diff+aPD1+NKarm+aNKG2A,5,0,1,1,0,1,0,0,0,0,1,0,0
CDK46i+Diff+aPD1+NKarm+Tdeplete,5,0,1,1,1,1,0,0,0,0,1,0,0
CDK46i+Diff+aPD1+aNKG2A+Tdeplete,5,0,1,1,0,1,0,0,0,0,1,0,0
CDK46i+Diff+aTIGIT+NKarm+aNKG2A,5,0,1,1,0,1,1,0,1,1,1,1,1
CDK46i+Diff+aTIGIT+NKarm+Tdeplete,5,0,1,1,1,1,1,0,0,0,1,0,0
CDK46i+Diff+aTIGIT+aNKG2A+Tdeplete,5,0,1,1,0,1,1,0,1,1,1,1,1
CDK46i+Diff+NKarm+aNKG2A+Tdeplete,5,0,1,1,0,1,0,0,0,0,1,0,0
CDK46i+BETi+aPD1+aTIGIT+NKarm,5,0,1,1,1,1,1,0,0,0,1,0,0
CDK46i+BETi+aPD1+aTIGIT+aNKG2A,5,0,1,1,0,1,1,1,1,1,1,1,1
CDK46i+BETi+aPD1+aTIGIT+Tdeplete,5,0,1,1,1,1,1,0,0,0,1,0,0
CDK46i+BETi+aPD1+NKarm+aNKG2A,5,0,1,1,0,1,0,0,0,0,1,0,0
CDK46i+BETi+aPD1+NKarm+Tdeplete,5,0,1,1,1,1,0,0,0,0,1,0,0
CDK46i+BETi+aPD1+aNKG2A+Tdeplete,5,0,1,1,0,1,0,0,0,0,1,0,0
CDK46i+BETi+aTIGIT+NKarm+aNKG2A,5,0,1,1,0,1,1,0,1,1,1,1,1
CDK46i+BETi+aTIGIT+NKarm+Tdeplete,5,0,1,1,1,1,1,0,0,0,1,0,0
CDK46i+BETi+aTIGIT+aNKG2A+Tdeplete,5,0,1,1,0,1,1,0,1,1,1,1,1
CDK46i+BETi+NKarm+aNKG2A+Tdeplete,5,0,1,1,0,1,0,0,0,0,1,0,0
CDK46i+aPD1+aTIGIT+NKarm+aNKG2A,5,0,1,1,0,1,1,1,1,1,1,1,1
CDK46i+aPD1+aTIGIT+NKarm+Tdeplete,5,0,1,1,1,1,1,0,0,0,1,0,0
CDK46i+aPD1+aTIGIT+aNKG2A+Tdeplete,5,0,1,1,0,1,1,1,1,1,1,1,1
CDK46i+aPD1+NKarm+aNKG2A+Tdeplete,5,0,1,1,0,1,0,0,0,0,1,0,0
CDK46i+aTIGIT+NKarm+aNKG2A+Tdeplete,5,0,1,1,0,1,1,0,1,1,1,1,1
Diff+BETi+aPD1+aTIGIT+NKarm,5,0,0,0,0,0,1,0,0,0,0,0,0
Diff+BETi+aPD1+aTIGIT+aNKG2A,5,0,0,0,0,0,1,0,0,0,0,0,0
Diff+BETi+aPD1+aTIGIT+Tdeplete,5,0,0,0,0,0,1,0,1,1,0,1,1
Diff+BETi+aPD1+NKarm+aNKG2A,5,0,0,0,0,0,0,0,0,0,0,0,0
Diff+BETi+aPD1+NKarm+Tdeplete,5,0,0,0,0,0,0,0,0,0,0,0,0
Diff+BETi+aPD1+aNKG2A+Tdeplete,5,0,0,0,0,0,0,0,0,0,0,0,0
Diff+BETi+aTIGIT+NKarm+aNKG2A,5,0,0,0,0,0,1,0,0,0,0,0,0
Diff+BETi+aTIGIT+NKarm+Tdeplete,5,0,0,0,0,0,1,0,1,1,0,1,1
Diff+BETi+aTIGIT+aNKG2A+Tdeplete,5,0,0,0,0,0,1,0,1,1,0,1,1
Diff+BETi+NKarm+aNKG2A+Tdeplete,5,0,0,0,0,0,0,0,0,0,0,0,0
Diff+aPD1+aTIGIT+NKarm+aNKG2A,5,0,0,0,0,0,1,0,0,0,0,0,0
Diff+aPD1+aTIGIT+NKarm+Tdeplete,5,0,0,0,0,0,1,0,1,1,0,1,1
Diff+aPD1+aTIGIT+aNKG2A+Tdeplete,5,0,0,0,0,0,1,0,1,1,0,1,1
Diff+aPD1+NKarm+aNKG2A+Tdeplete,5,0,0,0,0,0,0,0,0,0,0,0,0
Diff+aTIGIT+NKarm+aNKG2A+Tdeplete,5,0,0,0,0,0,1,0,1,1,0,1,1
BETi+aPD1+aTIGIT+NKarm+aNKG2A,5,0,0,0,0,0,1,0,0,0,0,0,0
BETi+aPD1+aTIGIT+NKarm+Tdeplete,5,0,0,0,0,0,1,0,1,1,0,1,1
BETi+aPD1+aTIGIT+aNKG2A+Tdeplete,5,0,0,0,0,0,1,0,1,1,0,1,1
BETi+aPD1+NKarm+aNKG2A+Tdeplete,5,0,0,0,0,0,0,0,0,0,0,0,0
BETi+aTIGIT+NKarm+aNKG2A+Tdeplete,5,0,0,0,0,0,1,0,1,1,0,1,1
aPD1+aTIGIT+NKarm+aNKG2A+Tdeplete,5,1,0,0,0,0,1,0,1,1,0,1,0
EpiPrime+CDK46i+Diff+BETi+aPD1+aTIGIT,6,0,1,1,1,1,1,0,0,0,1,0,0
EpiPrime+CDK46i+Diff+BETi+aPD1+NKarm,6,0,1,1,1,1,0,0,0,0,1,0,0
EpiPrime+CDK46i+Diff+BETi+aPD1+aNKG2A,6,0,1,1,0,1,0,0,0,0,1,0,0
EpiPrime+CDK46i+Diff+BETi+aPD1+Tdeplete,6,0,1,1,1,1,0,0,0,0,1,0,0
EpiPrime+CDK46i+Diff+BETi+aTIGIT+NKarm,6,0,1,1,1,1,1,0,0,0,1,0,0
EpiPrime+CDK46i+Diff+BETi+aTIGIT+aNKG2A,6,0,1,1,0,1,1,0,1,1,1,1,1
EpiPrime+CDK46i+Diff+BETi+aTIGIT+Tdeplete,6,0,1,1,1,1,1,0,0,0,1,0,0
EpiPrime+CDK46i+Diff+BETi+NKarm+aNKG2A,6,0,1,1,0,1,0,0,0,0,1,0,0
EpiPrime+CDK46i+Diff+BETi+NKarm+Tdeplete,6,0,1,1,1,1,0,0,0,0,1,0,0
EpiPrime+CDK46i+Diff+BETi+aNKG2A+Tdeplete,6,0,1,1,0,1,0,0,0,0,1,0,0
EpiPrime+CDK46i+Diff+aPD1+aTIGIT+NKarm,6,0,1,1,1,1,1,0,0,0,1,0,0
EpiPrime+CDK46i+Diff+aPD1+aTIGIT+aNKG2A,6,0,1,1,0,1,1,1,1,1,1,1,1
EpiPrime+CDK46i+Diff+aPD1+aTIGIT+Tdeplete,6,0,1,1,1,1,1,0,0,0,1,0,0
EpiPrime+CDK46i+Diff+aPD1+NKarm+aNKG2A,6,0,1,1,0,1,0,0,0,0,1,0,0
EpiPrime+CDK46i+Diff+aPD1+NKarm+Tdeplete,6,0,1,1,1,1,0,0,0,0,1,0,0
EpiPrime+CDK46i+Diff+aPD1+aNKG2A+Tdeplete,6,0,1,1,0,1,0,0,0,0,1,0,0
EpiPrime+CDK46i+Diff+aTIGIT+NKarm+aNKG2A,6,0,1,1,0,1,1,0,1,1,1,1,1
EpiPrime+CDK46i+Diff+aTIGIT+NKarm+Tdeplete,6,0,1,1,1,1,1,0,0,0,1,0,0
EpiPrime+CDK46i+Diff+aTIGIT+aNKG2A+Tdeplete,6,0,1,1,0,1,1,0,1,1,1,1,1
EpiPrime+CDK46i+Diff+NKarm+aNKG2A+Tdeplete,6,0,1,1,0,1,0,0,0,0,1,0,0
EpiPrime+CDK46i+BETi+aPD1+aTIGIT+NKarm,6,0,1,1,1,1,1,0,0,0,1,0,0
EpiPrime+CDK46i+BETi+aPD1+aTIGIT+aNKG2A,6,0,1,1,0,1,1,1,1,1,1,1,1
EpiPrime+CDK46i+BETi+aPD1+aTIGIT+Tdeplete,6,0,1,1,1,1,1,0,0,0,1,0,0
EpiPrime+CDK46i+BETi+aPD1+NKarm+aNKG2A,6,0,1,1,0,1,0,0,0,0,1,0,0
EpiPrime+CDK46i+BETi+aPD1+NKarm+Tdeplete,6,0,1,1,1,1,0,0,0,0,1,0,0
EpiPrime+CDK46i+BETi+aPD1+aNKG2A+Tdeplete,6,0,1,1,0,1,0,0,0,0,1,0,0
EpiPrime+CDK46i+BETi+aTIGIT+NKarm+aNKG2A,6,0,1,1,0,1,1,0,1,1,1,1,1
EpiPrime+CDK46i+BETi+aTIGIT+NKarm+Tdeplete,6,0,1,1,1,1,1,0,0,0,1,0,0
EpiPrime+CDK46i+BETi+aTIGIT+aNKG2A+Tdeplete,6,0,1,1,0,1,1,0,1,1,1,1,1
EpiPrime+CDK46i+BETi+NKarm+aNKG2A+Tdeplete,6,0,1,1,0,1,0,0,0,0,1,0,0
EpiPrime+CDK46i+aPD1+aTIGIT+NKarm+aNKG2A,6,0,1,1,0,1,1,1,1,1,1,1,1
EpiPrime+CDK46i+aPD1+aTIGIT+NKarm+Tdeplete,6,0,1,1,1,1,1,0,0,0,1,0,0
EpiPrime+CDK46i+aPD1+aTIGIT+aNKG2A+Tdeplete,6,0,1,1,0,1,1,1,1,1,1,1,1
EpiPrime+CDK46i+aPD1+NKarm+aNKG2A+Tdeplete,6,0,1,1,0,1,0,0,0,0,1,0,0
EpiPrime+CDK46i+aTIGIT+NKarm+aNKG2A+Tdeplete,6,0,1,1,0,1,1,0,1,1,1,1,1
EpiPrime+Diff+BETi+aPD1+aTIGIT+NKarm,6,0,1,1,1,0,1,0,0,0,0,0,0
EpiPrime+Diff+BETi+aPD1+aTIGIT+aNKG2A,6,0,1,1,0,0,1,0,0,0,0,0,0
EpiPrime+Diff+BETi+aPD1+aTIGIT+Tdeplete,6,0,1,1,1,0,1,0,0,0,0,0,0
EpiPrime+Diff+BETi+aPD1+NKarm+aNKG2A,6,0,1,1,0,0,0,0,0,0,0,0,0
EpiPrime+Diff+BETi+aPD1+NKarm+Tdeplete,6,0,1,1,1,0,0,0,0,0,0,0,0
EpiPrime+Diff+BETi+aPD1+aNKG2A+Tdeplete,6,0,1,1,0,0,0,0,0,0,0,0,0
EpiPrime+Diff+BETi+aTIGIT+NKarm+aNKG2A,6,0,1,1,0,0,1,0,0,0,0,0,0
EpiPrime+Diff+BETi+aTIGIT+NKarm+Tdeplete,6,0,1,1,1,0,1,0,0,0,0,0,0
EpiPrime+Diff+BETi+aTIGIT+aNKG2A+Tdeplete,6,0,1,1,0,0,1,1,0,1,0,1,1
EpiPrime+Diff+BETi+NKarm+aNKG2A+Tdeplete,6,0,1,1,0,0,0,0,0,0,0,0,0
EpiPrime+Diff+aPD1+aTIGIT+NKarm+aNKG2A,6,0,1,1,0,0,1,0,0,0,0,0,0
EpiPrime+Diff+aPD1+aTIGIT+NKarm+Tdeplete,6,0,1,1,1,0,1,0,0,0,0,0,0
EpiPrime+Diff+aPD1+aTIGIT+aNKG2A+Tdeplete,6,0,1,1,0,0,1,1,0,1,0,1,1
EpiPrime+Diff+aPD1+NKarm+aNKG2A+Tdeplete,6,0,1,1,0,0,0,0,0,0,0,0,0
EpiPrime+Diff+aTIGIT+NKarm+aNKG2A+Tdeplete,6,0,1,1,0,0,1,1,0,1,0,1,1
EpiPrime+BETi+aPD1+aTIGIT+NKarm+aNKG2A,6,0,1,1,0,0,1,0,0,0,0,0,0
EpiPrime+BETi+aPD1+aTIGIT+NKarm+Tdeplete,6,0,1,1,1,0,1,0,0,0,0,0,0
EpiPrime+BETi+aPD1+aTIGIT+aNKG2A+Tdeplete,6,0,1,1,0,0,1,1,0,1,0,1,1
EpiPrime+BETi+aPD1+NKarm+aNKG2A+Tdeplete,6,0,1,1,0,0,0,0,0,0,0,0,0
EpiPrime+BETi+aTIGIT+NKarm+aNKG2A+Tdeplete,6,0,1,1,0,0,1,1,0,1,0,1,1
EpiPrime+aPD1+aTIGIT+NKarm+aNKG2A+Tdeplete,6,1,1,1,0,0,1,1,0,1,0,1,0
CDK46i+Diff+BETi+aPD1+aTIGIT+NKarm,6,0,1,1,1,1,1,0,0,0,1,0,0
CDK46i+Diff+BETi+aPD1+aTIGIT+aNKG2A,6,0,1,1,0,1,1,1,1,1,1,1,1
CDK46i+Diff+BETi+aPD1+aTIGIT+Tdeplete,6,0,1,1,1,1,1,0,0,0,1,0,0
CDK46i+Diff+BETi+aPD1+NKarm+aNKG2A,6,0,1,1,0,1,0,0,0,0,1,0,0
CDK46i+Diff+BETi+aPD1+NKarm+Tdeplete,6,0,1,1,1,1,0,0,0,0,1,0,0
CDK46i+Diff+BETi+aPD1+aNKG2A+Tdeplete,6,0,1,1,0,1,0,0,0,0,1,0,0
CDK46i+Diff+BETi+aTIGIT+NKarm+aNKG2A,6,0,1,1,0,1,1,0,1,1,1,1,1
CDK46i+Diff+BETi+aTIGIT+NKarm+Tdeplete,6,0,1,1,1,1,1,0,0,0,1,0,0
CDK46i+Diff+BETi+aTIGIT+aNKG2A+Tdeplete,6,0,1,1,0,1,1,0,1,1,1,1,1
CDK46i+Diff+BETi+NKarm+aNKG2A+Tdeplete,6,0,1,1,0,1,0,0,0,0,1,0,0
CDK46i+Diff+aPD1+aTIGIT+NKarm+aNKG2A,6,0,1,1,0,1,1,1,1,1,1,1,1
CDK46i+Diff+aPD1+aTIGIT+NKarm+Tdeplete,6,0,1,1,1,1,1,0,0,0,1,0,0
CDK46i+Diff+aPD1+aTIGIT+aNKG2A+Tdeplete,6,0,1,1,0,1,1,1,1,1,1,1,1
CDK46i+Diff+aPD1+NKarm+aNKG2A+Tdeplete,6,0,1,1,0,1,0,0,0,0,1,0,0
CDK46i+Diff+aTIGIT+NKarm+aNKG2A+Tdeplete,6,0,1,1,0,1,1,0,1,1,1,1,1
CDK46i+BETi+aPD1+aTIGIT+NKarm+aNKG2A,6,0,1,1,0,1,1,1,1,1,1,1,1
CDK46i+BETi+aPD1+aTIGIT+NKarm+Tdeplete,6,0,1,1,1,1,1,0,0,0,1,0,0
CDK46i+BETi+aPD1+aTIGIT+aNKG2A+Tdeplete,6,0,1,1,0,1,1,1,1,1,1,1,1
CDK46i+BETi+aPD1+NKarm+aNKG2A+Tdeplete,6,0,1,1,0,1,0,0,0,0,1,0,0
CDK46i+BETi+aTIGIT+NKarm+aNKG2A+Tdeplete,6,0,1,1,0,1,1,0,1,1,1,1,1
CDK46i+aPD1+aTIGIT+NKarm+aNKG2A+Tdeplete,6,0,1,1,0,1,1,1,1,1,1,1,1
Diff+BETi+aPD1+aTIGIT+NKarm+aNKG2A,6,0,0,0,0,0,1,0,0,0,0,0,0
Diff+BETi+aPD1+aTIGIT+NKarm+Tdeplete,6,0,0,0,0,0,1,0,1,1,0,1,1
Diff+BETi+aPD1+aTIGIT+aNKG2A+Tdeplete,6,0,0,0,0,0,1,0,1,1,0,1,1
Diff+BETi+aPD1+NKarm+aNKG2A+Tdeplete,6,0,0,0,0,0,0,0,0,0,0,0,0
Diff+BETi+aTIGIT+NKarm+aNKG2A+Tdeplete,6,0,0,0,0,0,1,0,1,1,0,1,1
Diff+aPD1+aTIGIT+NKarm+aNKG2A+Tdeplete,6,0,0,0,0,0,1,0,1,1,0,1,1
BETi+aPD1+aTIGIT+NKarm+aNKG2A+Tdeplete,6,0,0,0,0,0,1,0,1,1,0,1,1
EpiPrime+CDK46i+Diff+BETi+aPD1+aTIGIT+NKarm,7,0,1,1,1,1,1,0,0,0,1,0,0
EpiPrime+CDK46i+Diff+BETi+aPD1+aTIGIT+aNKG2A,7,0,1,1,0,1,1,1,1,1,1,1,1
EpiPrime+CDK46i+Diff+BETi+aPD1+aTIGIT+Tdeplete,7,0,1,1,1,1,1,0,0,0,1,0,0
EpiPrime+CDK46i+Diff+BETi+aPD1+NKarm+aNKG2A,7,0,1,1,0,1,0,0,0,0,1,0,0
EpiPrime+CDK46i+Diff+BETi+aPD1+NKarm+Tdeplete,7,0,1,1,1,1,0,0,0,0,1,0,0
EpiPrime+CDK46i+Diff+BETi+aPD1+aNKG2A+Tdeplete,7,0,1,1,0,1,0,0,0,0,1,0,0
EpiPrime+CDK46i+Diff+BETi+aTIGIT+NKarm+aNKG2A,7,0,1,1,0,1,1,0,1,1,1,1,1
EpiPrime+CDK46i+Diff+BETi+aTIGIT+NKarm+Tdeplete,7,0,1,1,1,1,1,0,0,0,1,0,0
EpiPrime+CDK46i+Diff+BETi+aTIGIT+aNKG2A+Tdeplete,7,0,1,1,0,1,1,0,1,1,1,1,1
EpiPrime+CDK46i+Diff+BETi+NKarm+aNKG2A+Tdeplete,7,0,1,1,0,1,0,0,0,0,1,0,0
EpiPrime+CDK46i+Diff+aPD1+aTIGIT+NKarm+aNKG2A,7,0,1,1,0,1,1,1,1,1,1,1,1
EpiPrime+CDK46i+Diff+aPD1+aTIGIT+NKarm+Tdeplete,7,0,1,1,1,1,1,0,0,0,1,0,0
EpiPrime+CDK46i+Diff+aPD1+aTIGIT+aNKG2A+Tdeplete,7,0,1,1,0,1,1,1,1,1,1,1,1
EpiPrime+CDK46i+Diff+aPD1+NKarm+aNKG2A+Tdeplete,7,0,1,1,0,1,0,0,0,0,1,0,0
EpiPrime+CDK46i+Diff+aTIGIT+NKarm+aNKG2A+Tdeplete,7,0,1,1,0,1,1,0,1,1,1,1,1
EpiPrime+CDK46i+BETi+aPD1+aTIGIT+NKarm+aNKG2A,7,0,1,1,0,1,1,1,1,1,1,1,1
EpiPrime+CDK46i+BETi+aPD1+aTIGIT+NKarm+Tdeplete,7,0,1,1,1,1,1,0,0,0,1,0,0
EpiPrime+CDK46i+BETi+aPD1+aTIGIT+aNKG2A+Tdeplete,7,0,1,1,0,1,1,1,1,1,1,1,1
EpiPrime+CDK46i+BETi+aPD1+NKarm+aNKG2A+Tdeplete,7,0,1,1,0,1,0,0,0,0,1,0,0
EpiPrime+CDK46i+BETi+aTIGIT+NKarm+aNKG2A+Tdeplete,7,0,1,1,0,1,1,0,1,1,1,1,1
EpiPrime+CDK46i+aPD1+aTIGIT+NKarm+aNKG2A+Tdeplete,7,0,1,1,0,1,1,1,1,1,1,1,1
EpiPrime+Diff+BETi+aPD1+aTIGIT+NKarm+aNKG2A,7,0,1,1,0,0,1,0,0,0,0,0,0
EpiPrime+Diff+BETi+aPD1+aTIGIT+NKarm+Tdeplete,7,0,1,1,1,0,1,0,0,0,0,0,0
EpiPrime+Diff+BETi+aPD1+aTIGIT+aNKG2A+Tdeplete,7,0,1,1,0,0,1,1,0,1,0,1,1
EpiPrime+Diff+BETi+aPD1+NKarm+aNKG2A+Tdeplete,7,0,1,1,0,0,0,0,0,0,0,0,0
EpiPrime+Diff+BETi+aTIGIT+NKarm+aNKG2A+Tdeplete,7,0,1,1,0,0,1,1,0,1,0,1,1
EpiPrime+Diff+aPD1+aTIGIT+NKarm+aNKG2A+Tdeplete,7,0,1,1,0,0,1,1,0,1,0,1,1
EpiPrime+BETi+aPD1+aTIGIT+NKarm+aNKG2A+Tdeplete,7,0,1,1,0,0,1,1,0,1,0,1,1
CDK46i+Diff+BETi+aPD1+aTIGIT+NKarm+aNKG2A,7,0,1,1,0,1,1,1,1,1,1,1,1
CDK46i+Diff+BETi+aPD1+aTIGIT+NKarm+Tdeplete,7,0,1,1,1,1,1,0,0,0,1,0,0
CDK46i+Diff+BETi+aPD1+aTIGIT+aNKG2A+Tdeplete,7,0,1,1,0,1,1,1,1,1,1,1,1
CDK46i+Diff+BETi+aPD1+NKarm+aNKG2A+Tdeplete,7,0,1,1,0,1,0,0,0,0,1,0,0
CDK46i+Diff+BETi+aTIGIT+NKarm+aNKG2A+Tdeplete,7,0,1,1,0,1,1,0,1,1,1,1,1
CDK46i+Diff+aPD1+aTIGIT+NKarm+aNKG2A+Tdeplete,7,0,1,1,0,1,1,1,1,1,1,1,1
CDK46i+BETi+aPD1+aTIGIT+NKarm+aNKG2A+Tdeplete,7,0,1,1,0,1,1,1,1,1,1,1,1
Diff+BETi+aPD1+aTIGIT+NKarm+aNKG2A+Tdeplete,7,0,0,0,0,0,1,0,1,1,0,1,1
EpiPrime+CDK46i+Diff+BETi+aPD1+aTIGIT+NKarm+aNKG2A,8,0,1,1,0,1,1,1,1,1,1,1,1
EpiPrime+CDK46i+Diff+BETi+aPD1+aTIGIT+NKarm+Tdeplete,8,0,1,1,1,1,1,0,0,0,1,0,0
EpiPrime+CDK46i+Diff+BETi+aPD1+aTIGIT+aNKG2A+Tdeplete,8,0,1,1,0,1,1,1,1,1,1,1,1
EpiPrime+CDK46i+Diff+BETi+aPD1+NKarm+aNKG2A+Tdeplete,8,0,1,1,0,1,0,0,0,0,1,0,0
EpiPrime+CDK46i+Diff+BETi+aTIGIT+NKarm+aNKG2A+Tdeplete,8,0,1,1,0,1,1,0,1,1,1,1,1
EpiPrime+CDK46i+Diff+aPD1+aTIGIT+NKarm+aNKG2A+Tdeplete,8,0,1,1,0,1,1,1,1,1,1,1,1
EpiPrime+CDK46i+BETi+aPD1+aTIGIT+NKarm+aNKG2A+Tdeplete,8,0,1,1,0,1,1,1,1,1,1,1,1
EpiPrime+Diff+BETi+aPD1+aTIGIT+NKarm+aNKG2A+Tdeplete,8,0,1,1,0,0,1,1,0,1,0,1,1
CDK46i+Diff+BETi+aPD1+aTIGIT+NKarm+aNKG2A+Tdeplete,8,0,1,1,0,1,1,1,1,1,1,1,1
EpiPrime+CDK46i+Diff+BETi+aPD1+aTIGIT+NKarm+aNKG2A+Tdeplete,9,0,1,1,0,1,1,1,1,1,1,1,1
